"Status","Start Time","Stop Time","Duration in ms","Parent Suite","Suite","Sub Suite","Test Class","Test Method","Name","Description"
"broken","Sun Sep 12 00:30:01 UTC 2021","Sun Sep 12 00:30:01 UTC 2021","0","e2e.interOp.android.PassPointConnection","test_PassPointConnection","TestPassPointConnection","","","test_PassPointConnection_5g_WPA2_Personal[setup_profiles0]",""
"broken","Sun Sep 12 00:28:10 UTC 2021","Sun Sep 12 00:28:10 UTC 2021","0","e2e.interOp.android.AccessPointConnection","test_AccessPointConnection","TestAcessPointConnection","","","test_AccessPointConnection_5g_WPA[setup_profiles0]",""
"broken","Sun Sep 12 00:31:12 UTC 2021","Sun Sep 12 00:31:12 UTC 2021","0","e2e.interOp.android.PassPointConnection","test_PassPointConnection_BridgeMode","TestPassPointConnectionBridgeMode","","","test_PassPointConnection_2g_Open_BRIDGE[setup_profiles0]",""
"broken","Sun Sep 12 00:29:25 UTC 2021","Sun Sep 12 00:29:25 UTC 2021","0","e2e.interOp.android.AirplaneMode","test_ToggleAirplaneMode","TestToggleAirplaneModeAndroid","","","test_ToogleAirplaneMode_5g_Open[setup_profiles0]",""
"broken","Sun Sep 12 00:31:13 UTC 2021","Sun Sep 12 00:31:13 UTC 2021","0","e2e.interOp.android.WifiMode","test_ToggleWifiMode","TestToggleWifiMode","","","test_ToogleWifiMode_5g_WPA2_Personal[setup_profiles0]",""
"broken","Sun Sep 12 00:30:36 UTC 2021","Sun Sep 12 00:30:36 UTC 2021","0","e2e.interOp.android.PassPointConnection","test_PassPointConnection","TestPassPointConnection","","","test_PassPointConnection_5g_OPEN[setup_profiles0]",""
"broken","Sun Sep 12 00:32:24 UTC 2021","Sun Sep 12 00:32:24 UTC 2021","0","e2e.interOp.android.WifiMode","test_WifiMode_BridgeMode","TestToggleWifiModeBridge","","","test_ToogleWifiMode_5g_OPEN_BRIDGE[setup_profiles0]",""
"broken","Sun Sep 12 00:28:14 UTC 2021","Sun Sep 12 00:28:14 UTC 2021","0","e2e.interOp.android.AccessPointConnection","test_AccessPointConnection","TestAcessPointConnection","","","test_AccessPointConnection_2g_OPEN[setup_profiles0]",""
"broken","Sun Sep 12 00:28:16 UTC 2021","Sun Sep 12 00:28:16 UTC 2021","0","e2e.interOp.android.AccessPointConnection","test_AccessPointConnection_BridgeMode","TestAcessPointConnectionBridge","","","test_AccessPointConnection_5g_WPA2_Personal_Bridge[setup_profiles0]",""
"broken","Sun Sep 12 00:28:52 UTC 2021","Sun Sep 12 00:28:52 UTC 2021","0","e2e.interOp.android.AirplaneMode","test_ToggleAirplaneMode","TestToggleAirplaneModeAndroid","","","test_ToogleAirplaneMode_5g_WPA2_Personal[setup_profiles0]",""
"broken","Sun Sep 12 00:31:46 UTC 2021","Sun Sep 12 00:31:46 UTC 2021","0","e2e.interOp.android.WifiMode","test_ToggleWifiMode","TestToggleWifiMode","","","test_ToogleWifiMode_5g_OPEN[setup_profiles0]",""
"broken","Sun Sep 12 00:31:10 UTC 2021","Sun Sep 12 00:31:10 UTC 2021","0","e2e.interOp.android.PassPointConnection","test_PassPointConnection_BridgeMode","TestPassPointConnectionBridgeMode","","","test_PassPointConnection_5g_WPA_BRIDGE[setup_profiles0]",""
"broken","Sun Sep 12 00:28:51 UTC 2021","Sun Sep 12 00:28:51 UTC 2021","0","e2e.interOp.android.AccessPointConnection","test_AccessPointConnection_BridgeMode","TestAcessPointConnectionBridge","","","test_AccessPointConnection_5g_OPEN_Bridge[setup_profiles0]",""
"broken","Sun Sep 12 00:29:59 UTC 2021","Sun Sep 12 00:29:59 UTC 2021","0","e2e.interOp.android.AirplaneMode","test_ToggleAirplaneMode_BridgeMode","TestToggleAirplaneModeAndroidBridgeMode","","","test_ToogleAirplaneMode_2g_WPA_BRIDGE[setup_profiles0]",""
"broken","Sun Sep 12 00:30:36 UTC 2021","Sun Sep 12 00:30:36 UTC 2021","0","e2e.interOp.android.PassPointConnection","test_PassPointConnection_BridgeMode","TestPassPointConnectionBridgeMode","","","test_PassPointConnection_5g_WPA2_Personal_BRIDGE[setup_profiles0]",""
"broken","Sun Sep 12 00:30:00 UTC 2021","Sun Sep 12 00:30:00 UTC 2021","0","e2e.interOp.android.AirplaneMode","test_ToggleAirplaneMode_BridgeMode","TestToggleAirplaneModeAndroidBridgeMode","","","test_ToogleAirplaneMode_5g_Open_BRIDGE[setup_profiles0]",""
"broken","Sun Sep 12 00:33:34 UTC 2021","Sun Sep 12 00:33:34 UTC 2021","0","e2e.interOp.android.client_connectivity","test_NatMode","TestNatMode","","","test_ClientConnectivity_5g_WPA[setup_profiles0]",""
"broken","Sun Sep 12 00:32:23 UTC 2021","Sun Sep 12 00:32:23 UTC 2021","0","e2e.interOp.android.WifiMode","test_WifiMode_BridgeMode","TestToggleWifiModeBridge","","","test_ToogleWifiMode_5g_WPA_BRIDGE[setup_profiles0]",""
"broken","Sun Sep 12 00:33:00 UTC 2021","Sun Sep 12 00:33:00 UTC 2021","0","e2e.interOp.android.client_connectivity","test_BridgeMode","TestBridgeMode","","","test_ClientConnectivity_2g_OPEN_Bridge[setup_profiles0]",""
"broken","Sun Sep 12 00:33:34 UTC 2021","Sun Sep 12 00:33:34 UTC 2021","0","e2e.interOp.android.client_connectivity","test_NatMode","TestNatMode","","","test_ClientConnectivity_2g_OPEN[setup_profiles0]",""
"broken","Sun Sep 12 00:30:36 UTC 2021","Sun Sep 12 00:30:36 UTC 2021","0","e2e.interOp.android.PassPointConnection","test_PassPointConnection","TestPassPointConnection","","","test_PassPointConnection_2g_OPEN[setup_profiles0]",""
"broken","Sun Sep 12 00:31:11 UTC 2021","Sun Sep 12 00:31:11 UTC 2021","0","e2e.interOp.android.PassPointConnection","test_PassPointConnection_BridgeMode","TestPassPointConnectionBridgeMode","","","test_PassPointConnection_2g_WPA_BRIDGE[setup_profiles0]",""
"broken","Sun Sep 12 00:28:50 UTC 2021","Sun Sep 12 00:28:50 UTC 2021","0","e2e.interOp.android.AccessPointConnection","test_AccessPointConnection_BridgeMode","TestAcessPointConnectionBridge","","","test_AccessPointConnection_5g_WPA_Bridge[setup_profiles0]",""
"broken","Sun Sep 12 00:32:26 UTC 2021","Sun Sep 12 00:32:26 UTC 2021","0","e2e.interOp.android.client_connectivity","test_BridgeMode","TestBridgeMode","","","test_ClientConnectivity_5g_WPA2_Personal_Bridge[setup_profiles0]",""
"broken","Sun Sep 12 00:33:33 UTC 2021","Sun Sep 12 00:33:33 UTC 2021","0","e2e.interOp.android.client_connectivity","test_NatMode","TestNatMode","","","test_ClientConnectivity_2g_WPA[setup_profiles0]",""
"broken","Sun Sep 12 00:33:01 UTC 2021","Sun Sep 12 00:33:01 UTC 2021","0","e2e.interOp.android.client_connectivity","test_NatMode","TestNatMode","","","test_ClientConnectivity_5g_WPA2_Personal[setup_profiles0]",""
"broken","Sun Sep 12 00:31:45 UTC 2021","Sun Sep 12 00:31:45 UTC 2021","0","e2e.interOp.android.WifiMode","test_ToggleWifiMode","TestToggleWifiMode","","","test_ToogleWifiMode_2g_WPA2_Personal[setup_profiles0]",""
"broken","Sun Sep 12 00:32:57 UTC 2021","Sun Sep 12 00:32:57 UTC 2021","0","e2e.interOp.android.client_connectivity","test_BridgeMode","TestBridgeMode","","","test_ClientConnectivity_2g_WPA_Bridge[setup_profiles0]",""
"broken","Sun Sep 12 00:28:10 UTC 2021","Sun Sep 12 00:28:10 UTC 2021","0","e2e.interOp.android.AccessPointConnection","test_AccessPointConnection","TestAcessPointConnection","","","test_AccessPointConnection_2g_WPA2_Personal[setup_profiles0]",""
"broken","Sun Sep 12 00:28:15 UTC 2021","Sun Sep 12 00:28:15 UTC 2021","0","e2e.interOp.android.AccessPointConnection","test_AccessPointConnection","TestAcessPointConnection","","","test_AccessPointConnection_5g_OPEN[setup_profiles0]",""
"broken","Sun Sep 12 00:30:35 UTC 2021","Sun Sep 12 00:30:35 UTC 2021","0","e2e.interOp.android.PassPointConnection","test_PassPointConnection","TestPassPointConnection","","","test_PassPointConnection_2g_WPA[setup_profiles0]",""
"broken","Sun Sep 12 00:33:33 UTC 2021","Sun Sep 12 00:33:33 UTC 2021","0","e2e.interOp.android.client_connectivity","test_NatMode","TestNatMode","","","test_ClientConnectivity_2g_WPA2_Personal[setup_profiles0]",""
"broken","Sun Sep 12 00:31:47 UTC 2021","Sun Sep 12 00:31:47 UTC 2021","0","e2e.interOp.android.WifiMode","test_ToggleWifiMode","TestToggleWifiMode","","","test_ToogleWifiMode_2g_OPEN[setup_profiles0]",""
"broken","Sun Sep 12 00:33:35 UTC 2021","Sun Sep 12 00:33:35 UTC 2021","0","e2e.interOp.android.client_connectivity","test_NatMode","TestNatMode","","","test_ClientConnectivity_5g_OPEN[setup_profiles0]",""
"broken","Sun Sep 12 00:29:26 UTC 2021","Sun Sep 12 00:29:26 UTC 2021","0","e2e.interOp.android.AirplaneMode","test_ToggleAirplaneMode","TestToggleAirplaneModeAndroid","","","test_ToogleAirplaneMode_2g_Open[setup_profiles0]",""
"broken","Sun Sep 12 00:29:59 UTC 2021","Sun Sep 12 00:29:59 UTC 2021","0","e2e.interOp.android.AirplaneMode","test_ToggleAirplaneMode_BridgeMode","TestToggleAirplaneModeAndroidBridgeMode","","","test_ToogleAirplaneMode_2g_WPA2_Personal_BRIDGE[setup_profiles0]",""
"broken","Sun Sep 12 00:31:09 UTC 2021","Sun Sep 12 00:31:09 UTC 2021","0","e2e.interOp.android.PassPointConnection","test_PassPointConnection_BridgeMode","TestPassPointConnectionBridgeMode","","","test_PassPointConnection_2g_WPA2_Personal_BRIDGE[setup_profiles0]",""
"broken","Sun Sep 12 00:27:33 UTC 2021","Sun Sep 12 00:27:33 UTC 2021","0","e2e.interOp.android.AccessPointConnection","test_AccessPointConnection","TestAcessPointConnection","","","test_AccessPointConnection_5g_WPA2_Personal[setup_profiles0]",""
"broken","Sun Sep 12 00:30:00 UTC 2021","Sun Sep 12 00:30:00 UTC 2021","0","e2e.interOp.android.AirplaneMode","test_ToggleAirplaneMode_BridgeMode","TestToggleAirplaneModeAndroidBridgeMode","","","test_ToogleAirplaneMode_2g_Open_BRIDGE[setup_profiles0]",""
"broken","Sun Sep 12 00:31:46 UTC 2021","Sun Sep 12 00:31:46 UTC 2021","0","e2e.interOp.android.WifiMode","test_ToggleWifiMode","TestToggleWifiMode","","","test_ToogleWifiMode_2g_WPA[setup_profiles0]",""
"broken","Sun Sep 12 00:32:57 UTC 2021","Sun Sep 12 00:32:57 UTC 2021","0","e2e.interOp.android.client_connectivity","test_BridgeMode","TestBridgeMode","","","test_ClientConnectivity_2g_WPA2_Personal_Bridge[setup_profiles0]",""
"broken","Sun Sep 12 00:28:51 UTC 2021","Sun Sep 12 00:28:51 UTC 2021","0","e2e.interOp.android.AccessPointConnection","test_AccessPointConnection_BridgeMode","TestAcessPointConnectionBridge","","","test_AccessPointConnection_2g_OPEN_Bridge[setup_profiles0]",""
"broken","Sun Sep 12 00:29:23 UTC 2021","Sun Sep 12 00:29:23 UTC 2021","0","e2e.interOp.android.AirplaneMode","test_ToggleAirplaneMode","TestToggleAirplaneModeAndroid","","","test_ToogleAirplaneMode_2g_WPA2_Personal[setup_profiles0]",""
"broken","Sun Sep 12 00:31:11 UTC 2021","Sun Sep 12 00:31:11 UTC 2021","0","e2e.interOp.android.PassPointConnection","test_PassPointConnection_BridgeMode","TestPassPointConnectionBridgeMode","","","test_PassPointConnection_5g_Open_BRIDGE[setup_profiles0]",""
"broken","Sun Sep 12 00:29:24 UTC 2021","Sun Sep 12 00:29:24 UTC 2021","0","e2e.interOp.android.AirplaneMode","test_ToggleAirplaneMode","TestToggleAirplaneModeAndroid","","","test_ToogleAirplaneMode_2g_WPA[setup_profiles0]",""
"broken","Sun Sep 12 00:30:34 UTC 2021","Sun Sep 12 00:30:34 UTC 2021","0","e2e.interOp.android.PassPointConnection","test_PassPointConnection","TestPassPointConnection","","","test_PassPointConnection_2g_WPA2_Personal[setup_profiles0]",""
"broken","Sun Sep 12 00:32:25 UTC 2021","Sun Sep 12 00:32:25 UTC 2021","0","e2e.interOp.android.WifiMode","test_WifiMode_BridgeMode","TestToggleWifiModeBridge","","","test_ToogleWifiMode_2g_OPEN_BRIDGE[setup_profiles0]",""
"broken","Sun Sep 12 00:31:45 UTC 2021","Sun Sep 12 00:31:45 UTC 2021","0","e2e.interOp.android.WifiMode","test_ToggleWifiMode","TestToggleWifiMode","","","test_ToogleWifiMode_5g_WPA[setup_profiles0]",""
"broken","Sun Sep 12 00:28:12 UTC 2021","Sun Sep 12 00:28:12 UTC 2021","0","e2e.interOp.android.AccessPointConnection","test_AccessPointConnection","TestAcessPointConnection","","","test_AccessPointConnection_2g_WPA[setup_profiles0]",""
"broken","Sun Sep 12 00:28:49 UTC 2021","Sun Sep 12 00:28:49 UTC 2021","0","e2e.interOp.android.AccessPointConnection","test_AccessPointConnection_BridgeMode","TestAcessPointConnectionBridge","","","test_AccessPointConnection_2g_WPA2_Personal_Bridge[setup_profiles0]",""
"broken","Sun Sep 12 00:29:24 UTC 2021","Sun Sep 12 00:29:24 UTC 2021","0","e2e.interOp.android.AirplaneMode","test_ToggleAirplaneMode","TestToggleAirplaneModeAndroid","","","test_ToogleAirplaneMode_5g_WPA[setup_profiles0]",""
"broken","Sun Sep 12 00:32:59 UTC 2021","Sun Sep 12 00:32:59 UTC 2021","0","e2e.interOp.android.client_connectivity","test_BridgeMode","TestBridgeMode","","","test_ClientConnectivity_5g_WPA_Bridge[setup_profiles0]",""
"broken","Sun Sep 12 00:31:47 UTC 2021","Sun Sep 12 00:31:47 UTC 2021","0","e2e.interOp.android.WifiMode","test_WifiMode_BridgeMode","TestToggleWifiModeBridge","","","test_ToogleWifiMode_5g_WPA2_Personal_BRIDGE[setup_profiles0]",""
"broken","Sun Sep 12 00:28:50 UTC 2021","Sun Sep 12 00:28:50 UTC 2021","0","e2e.interOp.android.AccessPointConnection","test_AccessPointConnection_BridgeMode","TestAcessPointConnectionBridge","","","test_AccessPointConnection_2g_WPA_Bridge[setup_profiles0]",""
"broken","Sun Sep 12 00:33:01 UTC 2021","Sun Sep 12 00:33:01 UTC 2021","0","e2e.interOp.android.client_connectivity","test_BridgeMode","TestBridgeMode","","","test_ClientConnectivity_5g_OPEN_Bridge[setup_profiles0]",""
"broken","Sun Sep 12 00:29:59 UTC 2021","Sun Sep 12 00:29:59 UTC 2021","0","e2e.interOp.android.AirplaneMode","test_ToggleAirplaneMode_BridgeMode","TestToggleAirplaneModeAndroidBridgeMode","","","test_ToogleAirplaneMode_5g_WPA_BRIDGE[setup_profiles0]",""
"broken","Sun Sep 12 00:32:24 UTC 2021","Sun Sep 12 00:32:24 UTC 2021","0","e2e.interOp.android.WifiMode","test_WifiMode_BridgeMode","TestToggleWifiModeBridge","","","test_ToogleWifiMode_2g_WPA_BRIDGE[setup_profiles0]",""
"broken","Sun Sep 12 00:30:34 UTC 2021","Sun Sep 12 00:30:34 UTC 2021","0","e2e.interOp.android.PassPointConnection","test_PassPointConnection","TestPassPointConnection","","","test_PassPointConnection_5g_WPA[setup_profiles0]",""
"broken","Sun Sep 12 00:29:26 UTC 2021","Sun Sep 12 00:29:26 UTC 2021","0","e2e.interOp.android.AirplaneMode","test_ToggleAirplaneMode_BridgeMode","TestToggleAirplaneModeAndroidBridgeMode","","","test_ToogleAirplaneMode_5g_WPA2_Personal_BRIDGE[setup_profiles0]",""
"broken","Sun Sep 12 00:32:23 UTC 2021","Sun Sep 12 00:32:23 UTC 2021","0","e2e.interOp.android.WifiMode","test_WifiMode_BridgeMode","TestToggleWifiModeBridge","","","test_ToogleWifiMode_2g_WPA2_Personal_BRIDGE[setup_profiles0]",""
"broken","Sun Sep 12 00:41:42 UTC 2021","Sun Sep 12 00:41:42 UTC 2021","0","e2e.interOp.iOS.client_connectivity","test_NatMode","TestNatMode","","","test_ClientConnectivity_5g_WPA[setup_profiles0]",""
"broken","Sun Sep 12 00:36:20 UTC 2021","Sun Sep 12 00:36:20 UTC 2021","0","e2e.interOp.iOS.AccessPointConnection","test_AccessPointConnection","TestAccessPointConnectivety","","","test_AccessPointConnection_5g_OPEN[setup_profiles0]",""
"broken","Sun Sep 12 00:39:16 UTC 2021","Sun Sep 12 00:39:16 UTC 2021","0","e2e.interOp.iOS.PassPoint","test_PassPointConnection_BridgeMode","TestPassPointConnectionBridgeMode","","","test_PassPointConnection_2g_WPA2_Personal_BRIDGE[setup_profiles0]",""
"broken","Sun Sep 12 00:41:08 UTC 2021","Sun Sep 12 00:41:08 UTC 2021","0","e2e.interOp.iOS.client_connectivity","test_BridgeMode","TestBridgeMode","","","test_ClientConnectivity_2g_OPEN_Bridge[setup_profiles0]",""
"broken","Sun Sep 12 00:40:31 UTC 2021","Sun Sep 12 00:40:31 UTC 2021","0","e2e.interOp.iOS.WifiMode","test_ToggleWifiMode_Bridge","TestToggleWifiModeBridgeMode","","","test_ToogleWifiMode_5g_WPA_BRIDGE[setup_profiles0]",""
"broken","Sun Sep 12 00:41:09 UTC 2021","Sun Sep 12 00:41:09 UTC 2021","0","e2e.interOp.iOS.client_connectivity","test_NatMode","TestNatMode","","","test_ClientConnectivity_5g_WPA2_Personal[setup_profiles0]",""
"broken","Sun Sep 12 00:41:41 UTC 2021","Sun Sep 12 00:41:41 UTC 2021","0","e2e.interOp.iOS.client_connectivity","test_NatMode","TestNatMode","","","test_ClientConnectivity_2g_WPA2_Personal[setup_profiles0]",""
"broken","Sun Sep 12 00:38:03 UTC 2021","Sun Sep 12 00:38:03 UTC 2021","0","e2e.interOp.iOS.AirplaneMode","test_ToggleAirplaneMode_BridgeMode","TestToggleAirplaneModeBridgeMode","","","test_ToogleAirplaneMode_5g_OPEN_BRIDGE[setup_profiles0]",""
"broken","Sun Sep 12 00:38:45 UTC 2021","Sun Sep 12 00:38:45 UTC 2021","0","e2e.interOp.iOS.PassPoint","test_PassPointConnection_BridgeMode","TestPassPointConnectionBridgeMode","","","test_PassPointConnection_5g_WPA2_Personal_BRIDGE[setup_profiles0]",""
"broken","Sun Sep 12 00:39:18 UTC 2021","Sun Sep 12 00:39:18 UTC 2021","0","e2e.interOp.iOS.PassPoint","test_PassPointConnection_BridgeMode","TestPassPointConnectionBridgeMode","","","test_PassPointConnection_5g_OPEN_BRIDGE[setup_profiles0]",""
"broken","Sun Sep 12 00:39:56 UTC 2021","Sun Sep 12 00:39:56 UTC 2021","0","e2e.interOp.iOS.WifiMode","test_ToggleWifiMode","TestToggleWifiMode","","","test_ToogleWifiMode_5g_WPA[setup_profiles0]",""
"broken","Sun Sep 12 00:41:42 UTC 2021","Sun Sep 12 00:41:42 UTC 2021","0","e2e.interOp.iOS.client_connectivity","test_NatMode","TestNatMode","","","test_ClientConnectivity_2g_WPA[setup_profiles0]",""
"broken","Sun Sep 12 00:36:56 UTC 2021","Sun Sep 12 00:36:56 UTC 2021","0","e2e.interOp.iOS.AccessPointConnection","test_AccessPointConnection_BridgeMode","TestAccessPointConnectivetyBridge","","","test_AccessPointConnection_5g_OPEN_Bridge[setup_profiles0]",""
"broken","Sun Sep 12 00:41:05 UTC 2021","Sun Sep 12 00:41:05 UTC 2021","0","e2e.interOp.iOS.client_connectivity","test_BridgeMode","TestBridgeMode","","","test_ClientConnectivity_2g_WPA2_Personal_Bridge[setup_profiles0]",""
"broken","Sun Sep 12 00:38:40 UTC 2021","Sun Sep 12 00:38:40 UTC 2021","0","e2e.interOp.iOS.PassPoint","test_PassPointConnection","TestPassPointConnection","","","test_PassPointConnection_2g_WPA2_Personal[setup_profiles0]",""
"broken","Sun Sep 12 00:39:17 UTC 2021","Sun Sep 12 00:39:17 UTC 2021","0","e2e.interOp.iOS.PassPoint","test_PassPointConnection_BridgeMode","TestPassPointConnectionBridgeMode","","","test_PassPointConnection_2g_WPA_BRIDGE[setup_profiles0]",""
"broken","Sun Sep 12 00:37:29 UTC 2021","Sun Sep 12 00:37:29 UTC 2021","0","e2e.interOp.iOS.AirplaneMode","test_ToggleAirplaneMode","TestToggleAirplaneMode","","","test_ToogleAirplaneMode_2g_WPA2_Personal[setup_profiles0]",""
"broken","Sun Sep 12 00:37:30 UTC 2021","Sun Sep 12 00:37:30 UTC 2021","0","e2e.interOp.iOS.AirplaneMode","test_ToggleAirplaneMode","TestToggleAirplaneMode","","","test_ToogleAirplaneMode_2g_WPA[setup_profiles0]",""
"broken","Sun Sep 12 00:36:20 UTC 2021","Sun Sep 12 00:36:20 UTC 2021","0","e2e.interOp.iOS.AccessPointConnection","test_AccessPointConnection","TestAccessPointConnectivety","","","test_AccessPointConnection_5g_WPA[setup_profiles0]",""
"broken","Sun Sep 12 00:40:32 UTC 2021","Sun Sep 12 00:40:32 UTC 2021","0","e2e.interOp.iOS.WifiMode","test_ToggleWifiMode_Bridge","TestToggleWifiModeBridgeMode","","","test_ToogleWifiMode_2g_WPA_BRIDGE[setup_profiles0]",""
"broken","Sun Sep 12 00:39:59 UTC 2021","Sun Sep 12 00:39:59 UTC 2021","0","e2e.interOp.iOS.WifiMode","test_ToggleWifiMode","TestToggleWifiMode","","","test_ToogleWifiMode_2g_OPEN[setup_profiles0]",""
"broken","Sun Sep 12 00:39:59 UTC 2021","Sun Sep 12 00:39:59 UTC 2021","0","e2e.interOp.iOS.WifiMode","test_ToggleWifiMode_Bridge","TestToggleWifiModeBridgeMode","","","test_ToogleWifiMode_5g_WPA2_Personal_BRIDGE[setup_profiles0]",""
"broken","Sun Sep 12 00:38:05 UTC 2021","Sun Sep 12 00:38:05 UTC 2021","0","e2e.interOp.iOS.PassPoint","test_PassPointConnection","TestPassPointConnection","","","test_PassPointConnection_5g_WPA2_Personal[setup_profiles0]",""
"broken","Sun Sep 12 00:41:06 UTC 2021","Sun Sep 12 00:41:06 UTC 2021","0","e2e.interOp.iOS.client_connectivity","test_BridgeMode","TestBridgeMode","","","test_ClientConnectivity_2g_WPA_Bridge[setup_profiles0]",""
"broken","Sun Sep 12 00:38:04 UTC 2021","Sun Sep 12 00:38:04 UTC 2021","0","e2e.interOp.iOS.AirplaneMode","test_ToggleAirplaneMode_BridgeMode","TestToggleAirplaneModeBridgeMode","","","test_ToogleAirplaneMode_2g_OPEN_BRIDGE[setup_profiles0]",""
"broken","Sun Sep 12 00:40:33 UTC 2021","Sun Sep 12 00:40:33 UTC 2021","0","e2e.interOp.iOS.WifiMode","test_ToggleWifiMode_Bridge","TestToggleWifiModeBridgeMode","","","test_ToogleWifiMode_5g_OPEN_BRIDGE[setup_profiles0]",""
"broken","Sun Sep 12 00:36:55 UTC 2021","Sun Sep 12 00:36:55 UTC 2021","0","e2e.interOp.iOS.AccessPointConnection","test_AccessPointConnection_BridgeMode","TestAccessPointConnectivetyBridge","","","test_AccessPointConnection_2g_WPA_Bridge[setup_profiles0]",""
"broken","Sun Sep 12 00:38:02 UTC 2021","Sun Sep 12 00:38:02 UTC 2021","0","e2e.interOp.iOS.AirplaneMode","test_ToggleAirplaneMode_BridgeMode","TestToggleAirplaneModeBridgeMode","","","test_ToogleAirplaneMode_2g_WPA2_Personal_BRIDGE[setup_profiles0]",""
"broken","Sun Sep 12 00:41:08 UTC 2021","Sun Sep 12 00:41:08 UTC 2021","0","e2e.interOp.iOS.client_connectivity","test_BridgeMode","TestBridgeMode","","","test_ClientConnectivity_5g_OPEN_Bridge[setup_profiles0]",""
"broken","Sun Sep 12 00:35:42 UTC 2021","Sun Sep 12 00:35:42 UTC 2021","0","e2e.interOp.iOS.AccessPointConnection","test_AccessPointConnection","TestAccessPointConnectivety","","","test_AccessPointConnection_5g_WPA2_Personal[setup_profiles0]",""
"broken","Sun Sep 12 00:39:20 UTC 2021","Sun Sep 12 00:39:20 UTC 2021","0","e2e.interOp.iOS.WifiMode","test_ToggleWifiMode","TestToggleWifiMode","","","test_ToogleWifiMode_5g_WPA2_Personal[setup_profiles0]",""
"broken","Sun Sep 12 00:40:33 UTC 2021","Sun Sep 12 00:40:33 UTC 2021","0","e2e.interOp.iOS.client_connectivity","test_BridgeMode","TestBridgeMode","","","test_ClientConnectivity_5g_WPA2_Personal_Bridge[setup_profiles0]",""
"broken","Sun Sep 12 00:41:44 UTC 2021","Sun Sep 12 00:41:44 UTC 2021","0","e2e.interOp.iOS.client_connectivity","test_NatMode","TestNatMode","","","test_ClientConnectivity_2g_OPEN[setup_profiles0]",""
"broken","Sun Sep 12 00:36:21 UTC 2021","Sun Sep 12 00:36:21 UTC 2021","0","e2e.interOp.iOS.AccessPointConnection","test_AccessPointConnection_BridgeMode","TestAccessPointConnectivetyBridge","","","test_AccessPointConnection_5g_WPA2_Personal_Bridge[setup_profiles0]",""
"broken","Sun Sep 12 00:36:57 UTC 2021","Sun Sep 12 00:36:57 UTC 2021","0","e2e.interOp.iOS.AccessPointConnection","test_AccessPointConnection_BridgeMode","TestAccessPointConnectivetyBridge","","","test_AccessPointConnection_2g_OPEN_Bridge[setup_profiles0]",""
"broken","Sun Sep 12 00:39:19 UTC 2021","Sun Sep 12 00:39:19 UTC 2021","0","e2e.interOp.iOS.PassPoint","test_PassPointConnection_BridgeMode","TestPassPointConnectionBridgeMode","","","test_PassPointConnection_2g_OPEN_BRIDGE[setup_profiles0]",""
"broken","Sun Sep 12 00:36:55 UTC 2021","Sun Sep 12 00:36:55 UTC 2021","0","e2e.interOp.iOS.AccessPointConnection","test_AccessPointConnection_BridgeMode","TestAccessPointConnectivetyBridge","","","test_AccessPointConnection_2g_WPA2_Personal_Bridge[setup_profiles0]",""
"broken","Sun Sep 12 00:39:18 UTC 2021","Sun Sep 12 00:39:18 UTC 2021","0","e2e.interOp.iOS.PassPoint","test_PassPointConnection_BridgeMode","TestPassPointConnectionBridgeMode","","","test_PassPointConnection_5g_WPA_BRIDGE[setup_profiles0]",""
"broken","Sun Sep 12 00:38:43 UTC 2021","Sun Sep 12 00:38:43 UTC 2021","0","e2e.interOp.iOS.PassPoint","test_PassPointConnection","TestPassPointConnection","","","test_PassPointConnection_5g_WPA[setup_profiles0]",""
"broken","Sun Sep 12 00:38:03 UTC 2021","Sun Sep 12 00:38:03 UTC 2021","0","e2e.interOp.iOS.AirplaneMode","test_ToggleAirplaneMode_BridgeMode","TestToggleAirplaneModeBridgeMode","","","test_ToogleAirplaneMode_2g_WPA_BRIDGE[setup_profiles0]",""
"broken","Sun Sep 12 00:36:21 UTC 2021","Sun Sep 12 00:36:21 UTC 2021","0","e2e.interOp.iOS.AccessPointConnection","test_AccessPointConnection","TestAccessPointConnectivety","","","test_AccessPointConnection_2g_OPEN[setup_profiles0]",""
"broken","Sun Sep 12 00:39:58 UTC 2021","Sun Sep 12 00:39:58 UTC 2021","0","e2e.interOp.iOS.WifiMode","test_ToggleWifiMode","TestToggleWifiMode","","","test_ToogleWifiMode_5g_OPEN[setup_profiles0]",""
"broken","Sun Sep 12 00:38:02 UTC 2021","Sun Sep 12 00:38:02 UTC 2021","0","e2e.interOp.iOS.AirplaneMode","test_ToggleAirplaneMode_BridgeMode","TestToggleAirplaneModeBridgeMode","","","test_ToogleAirplaneMode_5g_WPA_BRIDGE[setup_profiles0]",""
"broken","Sun Sep 12 00:40:30 UTC 2021","Sun Sep 12 00:40:30 UTC 2021","0","e2e.interOp.iOS.WifiMode","test_ToggleWifiMode_Bridge","TestToggleWifiModeBridgeMode","","","test_ToogleWifiMode_2g_WPA2_Personal_BRIDGE[setup_profiles0]",""
"broken","Sun Sep 12 00:38:45 UTC 2021","Sun Sep 12 00:38:45 UTC 2021","0","e2e.interOp.iOS.PassPoint","test_PassPointConnection","TestPassPointConnection","","","test_PassPointConnection_2g_OPEN[setup_profiles0]",""
"broken","Sun Sep 12 00:37:31 UTC 2021","Sun Sep 12 00:37:31 UTC 2021","0","e2e.interOp.iOS.AirplaneMode","test_ToggleAirplaneMode","TestToggleAirplaneMode","","","test_ToogleAirplaneMode_2g_OPEN[setup_profiles0]",""
"broken","Sun Sep 12 00:36:55 UTC 2021","Sun Sep 12 00:36:55 UTC 2021","0","e2e.interOp.iOS.AccessPointConnection","test_AccessPointConnection_BridgeMode","TestAccessPointConnectivetyBridge","","","test_AccessPointConnection_5g_WPA_Bridge[setup_profiles0]",""
"broken","Sun Sep 12 00:41:44 UTC 2021","Sun Sep 12 00:41:44 UTC 2021","0","e2e.interOp.iOS.client_connectivity","test_NatMode","TestNatMode","","","test_ClientConnectivity_5g_OPEN[setup_profiles0]",""
"broken","Sun Sep 12 00:38:44 UTC 2021","Sun Sep 12 00:38:44 UTC 2021","0","e2e.interOp.iOS.PassPoint","test_PassPointConnection","TestPassPointConnection","","","test_PassPointConnection_5g_OPEN[setup_profiles0]",""
"broken","Sun Sep 12 00:36:19 UTC 2021","Sun Sep 12 00:36:19 UTC 2021","0","e2e.interOp.iOS.AccessPointConnection","test_AccessPointConnection","TestAccessPointConnectivety","","","test_AccessPointConnection_2g_WPA2_Personal[setup_profiles0]",""
"broken","Sun Sep 12 00:36:58 UTC 2021","Sun Sep 12 00:36:58 UTC 2021","0","e2e.interOp.iOS.AirplaneMode","test_ToggleAirplaneMode","TestToggleAirplaneMode","","","test_ToogleAirplaneMode_5g_WPA2_Personal[setup_profiles0]",""
"broken","Sun Sep 12 00:37:31 UTC 2021","Sun Sep 12 00:37:31 UTC 2021","0","e2e.interOp.iOS.AirplaneMode","test_ToggleAirplaneMode_BridgeMode","TestToggleAirplaneModeBridgeMode","","","test_ToogleAirplaneMode_5g_WPA2_Personal_BRIDGE[setup_profiles0]",""
"broken","Sun Sep 12 00:36:20 UTC 2021","Sun Sep 12 00:36:20 UTC 2021","0","e2e.interOp.iOS.AccessPointConnection","test_AccessPointConnection","TestAccessPointConnectivety","","","test_AccessPointConnection_2g_WPA[setup_profiles0]",""
"broken","Sun Sep 12 00:37:30 UTC 2021","Sun Sep 12 00:37:30 UTC 2021","0","e2e.interOp.iOS.AirplaneMode","test_ToggleAirplaneMode","TestToggleAirplaneMode","","","test_ToogleAirplaneMode_5g_OPEN[setup_profiles0]",""
"broken","Sun Sep 12 00:38:41 UTC 2021","Sun Sep 12 00:38:41 UTC 2021","0","e2e.interOp.iOS.PassPoint","test_PassPointConnection","TestPassPointConnection","","","test_PassPointConnection_2g_WPA[setup_profiles0]",""
"broken","Sun Sep 12 00:37:30 UTC 2021","Sun Sep 12 00:37:30 UTC 2021","0","e2e.interOp.iOS.AirplaneMode","test_ToggleAirplaneMode","TestToggleAirplaneMode","","","test_ToogleAirplaneMode_5g_WPA[setup_profiles0]",""
"broken","Sun Sep 12 00:41:07 UTC 2021","Sun Sep 12 00:41:07 UTC 2021","0","e2e.interOp.iOS.client_connectivity","test_BridgeMode","TestBridgeMode","","","test_ClientConnectivity_5g_WPA_Bridge[setup_profiles0]",""
"broken","Sun Sep 12 00:39:57 UTC 2021","Sun Sep 12 00:39:57 UTC 2021","0","e2e.interOp.iOS.WifiMode","test_ToggleWifiMode","TestToggleWifiMode","","","test_ToogleWifiMode_2g_WPA[setup_profiles0]",""
"broken","Sun Sep 12 00:40:33 UTC 2021","Sun Sep 12 00:40:33 UTC 2021","0","e2e.interOp.iOS.WifiMode","test_ToggleWifiMode_Bridge","TestToggleWifiModeBridgeMode","","","test_ToogleWifiMode_2g_OPEN_BRIDGE[setup_profiles0]",""
"broken","Sun Sep 12 00:39:56 UTC 2021","Sun Sep 12 00:39:56 UTC 2021","0","e2e.interOp.iOS.WifiMode","test_ToggleWifiMode","TestToggleWifiMode","","","test_ToogleWifiMode_2g_WPA2_Personal[setup_profiles0]",""
